id,name
pg-68280493,rerea<sup>tb210/tb210</sup> from Phenotype Annotation (1994-2006) Fig. for (tb210)
pg-68299849,awa<sup>tm17/tm17</sup> from Phenotype Annotation (1994-2006) Fig. for (tm17)
pg-68282621,chrd<sup>tm84/tm84</sup> from Phenotype Annotation (1994-2006) Fig. for (tm84)
pg-68310956,tip<sup>th203/th203</sup> from Phenotype Annotation (1994-2006) Fig. for (th203)
pg-68325768,ham<sup>to16/to16</sup> from Phenotype Annotation (1994-2006) Fig. for (to16)
pg-68280771,sfpq<sup>m427/m427</sup> from Phenotype Annotation (1994-2006) Fig. for (m427)
pg-68299075,doc<sup>tt258/tt258</sup> from Phenotype Annotation (1994-2006) Fig. for (tt258)
pg-68323219,zin<sup>te207/te207</sup> from Phenotype Annotation (1994-2006) Fig. for (te207)
pg-68297972,mur<sup>th257/th257</sup> from Phenotype Annotation (1994-2006) Fig. for (th257)
pg-68295977,fac<sup>tj13/tj13</sup> from Phenotype Annotation (1994-2006) Fig. for (tj13)
pg-68302926,yug<sup>tc1/tc1</sup> from Phenotype Annotation (1994-2006) Fig. for (tc1)
pg-68279824,ful<sup>m157/m157</sup> from Phenotype Annotation (1994-2006) Fig. for (m157)
pg-68288412,ser<sup>tk18/tk18</sup> from Phenotype Annotation (1994-2006) Fig. for (tk18)
pg-68314586,noto<sup>m614/m614</sup> from Phenotype Annotation (1994-2006) Fig. for (m614)
pg-68336799,niv<sup>tg229/tg229</sup> from Phenotype Annotation (1994-2006) Fig. for (tg229)
pg-68289094,tbxta<sup>b160/b160</sup> from Phenotype Annotation (1994-2006) Fig. for (b160)
pg-68297019,ful<sup>tq279/tq279</sup> from Phenotype Annotation (1994-2006) Fig. for (tq279)
pg-68293412,tbxta<sup>ts260/ts260</sup> from Phenotype Annotation (1994-2006) Fig. for (ts260)
pg-68335122,copa<sup>m456/m456</sup> from Phenotype Annotation (1994-2006) Fig. for (m456)
pg-68311887,plt<sup>tb216/tb216</sup> from Phenotype Annotation (1994-2006) Fig. for (tb216)
pg-68326938,tbxta<sup>tc41/tc41</sup> from Phenotype Annotation (1994-2006) Fig. for (tc41)
pg-68307537,spb<sup>to43/to43</sup> from Phenotype Annotation (1994-2006) Fig. for (to43)
pg-68288269,ful<sup>m133/m133</sup> from Phenotype Annotation (1994-2006) Fig. for (m133)
pg-68294468,dharma<sup>th211/th211</sup> from Phenotype Annotation (1994-2006) Fig. for (th211)
pg-68335515,noto<sup>tk241/tk241</sup> from Phenotype Annotation (1994-2006) Fig. for (tk241)
pg-68317443,sbl<sup>to4/to4</sup> from Phenotype Annotation (1994-2006) Fig. for (to4)
pg-68290898,spct<sup>ta214/ta214</sup> from Phenotype Annotation (1994-2006) Fig. for (ta214)
pg-68311029,tbxta<sup>b195/b195</sup> from Phenotype Annotation (1994-2006) Fig. for (b195)
pg-68296936,pol<sup>ti224/ti224</sup> from Phenotype Annotation (1994-2006) Fig. for (ti224)
pg-68314848,pun<sup>tl39/tl39</sup> from Phenotype Annotation (1994-2006) Fig. for (tl39)
pg-68311627,slt<sup>ty63/ty63</sup> from Phenotype Annotation (1994-2006) Fig. for (ty63)
pg-68280799,sch<sup>tr284/tr284</sup> from Phenotype Annotation (1994-2006) Fig. for (tr284)
pg-68333848,sla<sup>th239/th239</sup> from Phenotype Annotation (1994-2006) Fig. for (th239)
pg-68321630,spb<sup>ti279/ti279</sup> from Phenotype Annotation (1994-2006) Fig. for (ti279)
pg-68333305,furina<sup>tg419/tg419</sup> from Phenotype Annotation (1994-2006) Fig. for (tg419)
pg-68286266,sug<sup>te352/te352</sup> from Phenotype Annotation (1994-2006) Fig. for (te352)
pg-68322783,tig<sup>ta23/ta23</sup> from Phenotype Annotation (1994-2006) Fig. for (ta23)
pg-68303525,trl<sup>ts225/ts225</sup> from Phenotype Annotation (1994-2006) Fig. for (ts225)
pg-68280746,rapsn<sup>tm335/tm335</sup> from Phenotype Annotation (1994-2006) Fig. for (tm335)
pg-68299231,spi<sup>tr13/tr13</sup> from Phenotype Annotation (1994-2006) Fig. for (tr13)
pg-68296852,sfpq<sup>tr241/tr241</sup> from Phenotype Annotation (1994-2006) Fig. for (tr241)
pg-68313843,glrbb<sup>ta92/ta92</sup> from Phenotype Annotation (1994-2006) Fig. for (ta92)
pg-68290345,blc<sup>ty89/ty89</sup> from Phenotype Annotation (1994-2006) Fig. for (ty89)
pg-68293430,buf<sup>th234/th234</sup> from Phenotype Annotation (1994-2006) Fig. for (th234)
pg-68309426,edi<sup>tp62/tp62</sup> from Phenotype Annotation (1994-2006) Fig. for (tp62)
pg-68302677,edi<sup>tt232/tt232</sup> from Phenotype Annotation (1994-2006) Fig. for (tt232)
pg-68283810,edi<sup>tv4/tv4</sup> from Phenotype Annotation (1994-2006) Fig. for (tv4)
pg-68297471,get<sup>ti240/ti240</sup> from Phenotype Annotation (1994-2006) Fig. for (ti240)
pg-68279297,mlk<sup>tg2/tg2</sup> from Phenotype Annotation (1994-2006) Fig. for (tg2)
pg-68291232,pup<sup>te256/te256</sup> from Phenotype Annotation (1994-2006) Fig. for (te256)
pg-68278813,spi<sup>tj227/tj227</sup> from Phenotype Annotation (1994-2006) Fig. for (tj227)
pg-68334038,pio<sup>tk17/tk17</sup> from Phenotype Annotation (1994-2006) Fig. for (tk17)
pg-68318906,sla<sup>tg230/tg230</sup> from Phenotype Annotation (1994-2006) Fig. for (tg230)
pg-68304652,spi<sup>ty33/ty33</sup> from Phenotype Annotation (1994-2006) Fig. for (ty33)
pg-68320211,slm<sup>tm221/tm221</sup> from Phenotype Annotation (1994-2006) Fig. for (tm221)
pg-68296659,spi<sup>ts210/ts210</sup> from Phenotype Annotation (1994-2006) Fig. for (ts210)
pg-68306554,spi<sup>te347/te347</sup> from Phenotype Annotation (1994-2006) Fig. for (te347)
pg-68314569,spi<sup>tg418/tg418</sup> from Phenotype Annotation (1994-2006) Fig. for (tg418)
pg-68309557,spi<sup>tk33/tk33</sup> from Phenotype Annotation (1994-2006) Fig. for (tk33)
pg-68308941,tur<sup>tu216/tu216</sup> from Phenotype Annotation (1994-2006) Fig. for (tu216)
pg-68321464,tur<sup>tm314/tm314</sup> from Phenotype Annotation (1994-2006) Fig. for (tm314)
pg-68283778,tur<sup>tz268/tz268</sup> from Phenotype Annotation (1994-2006) Fig. for (tz268)
pg-68285749,rapsn<sup>th26/th26</sup> from Phenotype Annotation (1994-2006) Fig. for (th26)
pg-68326411,wsh<sup>tm141/tm141</sup> from Phenotype Annotation (1994-2006) Fig. for (tm141)
pg-68283615,wsh<sup>tr255/tr255</sup> from Phenotype Annotation (1994-2006) Fig. for (tr255)
pg-68328860,ache<sup>tm205/tm205</sup> from Phenotype Annotation (1994-2006) Fig. for (tm205)
pg-68286243,fapz<sup>tc222/tc222</sup> from Phenotype Annotation (1994-2006) Fig. for (tc222)
pg-68304761,edi<sup>tz253/tz253</sup> from Phenotype Annotation (1994-2006) Fig. for (tz253)
pg-68334243,fad<sup>tg14/tg14</sup> from Phenotype Annotation (1994-2006) Fig. for (tg14)
pg-68324683,noto<sup>n1/n1</sup> from Phenotype Annotation (1994-2006) Fig. for (n1)
pg-68312643,sne<sup>tt253/tt253</sup> from Phenotype Annotation (1994-2006) Fig. for (tt253)
pg-68315873,byp<sup>tn209/tn209</sup> from Phenotype Annotation (1994-2006) Fig. for (tn209)
pg-68310214,sml<sup>tg252/tg252</sup> from Phenotype Annotation (1994-2006) Fig. for (tg252)
pg-68281757,leg<sup>tj201/tj201</sup> from Phenotype Annotation (1994-2006) Fig. for (tj201)
pg-68317342,tnd<sup>tl33/tl33</sup> from Phenotype Annotation (1994-2006) Fig. for (tl33)
pg-68301853,buf<sup>ti209/ti209</sup> from Phenotype Annotation (1994-2006) Fig. for (ti209)
pg-68305328,sltn<sup>tg208/tg208</sup> from Phenotype Annotation (1994-2006) Fig. for (tg208)
pg-68317385,dbt<sup>ti274/ti274</sup> from Phenotype Annotation (1994-2006) Fig. for (ti274)
pg-68326463,ban<sup>tf221/tf221</sup> from Phenotype Annotation (1994-2006) Fig. for (tf221)
pg-68287331,brd<sup>tl21/tl21</sup> from Phenotype Annotation (1994-2006) Fig. for (tl21)
pg-68303582,dim<sup>te214/te214</sup> from Phenotype Annotation (1994-2006) Fig. for (te214)
pg-68291075,dus<sup>tq250/tq250</sup> from Phenotype Annotation (1994-2006) Fig. for (tq250)
pg-68323837,edi<sup>tl35/tl35</sup> from Phenotype Annotation (1994-2006) Fig. for (tl35)
pg-68319122,fech<sup>tu271/tu271</sup> from Phenotype Annotation (1994-2006) Fig. for (tu271)
pg-68308068,ghl<sup>tu274/tu274</sup> from Phenotype Annotation (1994-2006) Fig. for (tu274)
pg-68278709,hel<sup>tg287/tg287</sup> from Phenotype Annotation (1994-2006) Fig. for (tg287)
pg-68323874,mtc<sup>ta221/ta221</sup> from Phenotype Annotation (1994-2006) Fig. for (ta221)
pg-68328345,hkn<sup>ta211/ta211</sup> from Phenotype Annotation (1994-2006) Fig. for (ta211)
pg-68304739,nob<sup>tt288/tt288</sup> from Phenotype Annotation (1994-2006) Fig. for (tt288)
pg-68282321,rapsn<sup>tq265/tq265</sup> from Phenotype Annotation (1994-2006) Fig. for (tq265)
pg-68335016,shha<sup>tq252/tq252</sup> from Phenotype Annotation (1994-2006) Fig. for (tq252)
pg-68312672,blr<sup>tp90/tp90</sup> from Phenotype Annotation (1994-2006) Fig. for (tp90)
pg-68312129,plk<sup>tg290/tg290</sup> from Phenotype Annotation (1994-2006) Fig. for (tg290)
pg-68332325,sic<sup>ty71/ty71</sup> from Phenotype Annotation (1994-2006) Fig. for (ty71)
pg-68278418,sin<sup>tr281/tr281</sup> from Phenotype Annotation (1994-2006) Fig. for (tr281)
pg-68300347,sky<sup>ts254/ts254</sup> from Phenotype Annotation (1994-2006) Fig. for (ts254)
pg-68286055,ste<sup>tf220/tf220</sup> from Phenotype Annotation (1994-2006) Fig. for (tf220)
pg-68304384,tur<sup>tm158/tm158</sup> from Phenotype Annotation (1994-2006) Fig. for (tm158)
pg-68285543,glrbb<sup>tm115/tm115</sup> from Phenotype Annotation (1994-2006) Fig. for (tm115)
pg-68310338,chrd<sup>tt250/tt250</sup> from Phenotype Annotation (1994-2006) Fig. for (tt350)
pg-68278076,edi<sup>tl245/tl245</sup> from Phenotype Annotation (1994-2006) Fig. for (tl245)
pg-68291218,hen<sup>tu248/tu248</sup> from Phenotype Annotation (1994-2006) Fig. for (tu248)
pg-68331971,ivy<sup>tp30/tp30</sup> from Phenotype Annotation (1994-2006) Fig. for (tp30)
pg-68300493,mlk<sup>tv10/tv10</sup> from Phenotype Annotation (1994-2006) Fig. for (tv10)
pg-68293034,pup<sup>tv215/tv215</sup> from Phenotype Annotation (1994-2006) Fig. for (tv215)
pg-68301161,pup<sup>tk62/tk62</sup> from Phenotype Annotation (1994-2006) Fig. for (tk62)
pg-68332308,pun<sup>tk22/tk22</sup> from Phenotype Annotation (1994-2006) Fig. for (tk22)
pg-68319738,qam<sup>ta81/ta81</sup> from Phenotype Annotation (1994-2006) Fig. for (ta81)
pg-68283606,sin<sup>tw215/tw215</sup> from Phenotype Annotation (1994-2006) Fig. for (tw215)
pg-68333131,copa<sup>tm11/tm11</sup> from Phenotype Annotation (1994-2006) Fig. for (tm11)
pg-68279703,chrnd<sup>ts29/ts29</sup> from Phenotype Annotation (1994-2006) Fig. for (ts29)
pg-68324831,spi<sup>tm248/tm248</sup> from Phenotype Annotation (1994-2006) Fig. for (tm248)
pg-68287655,tur<sup>tk247/tk247</sup> from Phenotype Annotation (1994-2006) Fig. for (tk247)
pg-68285467,tur<sup>tc310/tc310</sup> from Phenotype Annotation (1994-2006) Fig. for (tc310)
pg-68285988,tur<sup>tt225/tt225</sup> from Phenotype Annotation (1994-2006) Fig. for (tt225)
pg-68301620,fapz<sup>ta218/ta218</sup> from Phenotype Annotation (1994-2006) Fig. for (ta218)
pg-68296160,cot<sup>tz264/tz264</sup> from Phenotype Annotation (1994-2006) Fig. for (tz264)
pg-68282784,fad<sup>tk224/tk224</sup> from Phenotype Annotation (1994-2006) Fig. for (tk224)
pg-68301686,brd<sup>tl41/tl41</sup> from Phenotype Annotation (1994-2006) Fig. for (tl41)
pg-68289926,fub<sup>b45/b45</sup> from Phenotype Annotation (1994-2006) Fig. for (b45)
pg-68291708,buf<sup>ts246/ts246</sup> from Phenotype Annotation (1994-2006) Fig. for (ts246)
pg-68308310,ctd<sup>tc36/tc36</sup> from Phenotype Annotation (1994-2006) Fig. for (tc36)
pg-68293575,blc<sup>ts23/ts23</sup> from Phenotype Annotation (1994-2006) Fig. for (ts23)
pg-68314187,blr<sup>tk12/tk12</sup> from Phenotype Annotation (1994-2006) Fig. for (tk12)
pg-68307531,buf<sup>te228/te228</sup> from Phenotype Annotation (1994-2006) Fig. for (te228)
pg-68326213,clx<sup>tj244/tj244</sup> from Phenotype Annotation (1994-2006) Fig. for (tj244)
pg-68318815,exp<sup>tu12/tu12</sup> from Phenotype Annotation (1994-2006) Fig. for (tu12)
pg-68318606,hat<sup>te313/te313</sup> from Phenotype Annotation (1994-2006) Fig. for (te313)
pg-68312753,kas<sup>ty122/ty122</sup> from Phenotype Annotation (1994-2006) Fig. for (ty122)
pg-68304951,kon<sup>tc230/tc230</sup> from Phenotype Annotation (1994-2006) Fig. for (tc230)
pg-68300844,pigk<sup>tt261/tt261</sup> from Phenotype Annotation (1994-2006) Fig. for (tt261)
pg-68304500,pep<sup>tl23/tl23</sup> from Phenotype Annotation (1994-2006) Fig. for (tl23)
pg-68335139,glrbb<sup>tu230/tu230</sup> from Phenotype Annotation (1994-2006) Fig. for (tu230)
pg-68319016,sll<sup>tu43/tu43</sup> from Phenotype Annotation (1994-2006) Fig. for (tu43)
pg-68308098,spi<sup>th1/th1</sup> from Phenotype Annotation (1994-2006) Fig. for (th1)
pg-68292318,urod<sup>tp61/tp61</sup> from Phenotype Annotation (1994-2006) Fig. for (tp61)
pg-68312117,spi<sup>tb225/tb225</sup> from Phenotype Annotation (1994-2006) Fig. for (tb225)
pg-68289122,wei<sup>to11/to11</sup> from Phenotype Annotation (1994-2006) Fig. for (to11)
pg-68282088,pio<sup>ts41/ts41</sup> from Phenotype Annotation (1994-2006) Fig. for (ts41)
pg-68300796,glrbb<sup>tf242/tf242</sup> from Phenotype Annotation (1994-2006) Fig. for (tf242)
pg-68324685,brd<sup>ty91/ty91</sup> from Phenotype Annotation (1994-2006) Fig. for (ty91)
pg-68333470,buf<sup>ts215/ts215</sup> from Phenotype Annotation (1994-2006) Fig. for (ts215)
pg-68318008,edi<sup>tr276/tr276</sup> from Phenotype Annotation (1994-2006) Fig. for (tr276)
pg-68282737,noto<sup>tm229/tm229</sup> from Phenotype Annotation (1994-2006) Fig. for (tm229)
pg-68308159,ghl<sup>tq251/tq251</sup> from Phenotype Annotation (1994-2006) Fig. for (tq251)
pg-68293642,spi<sup>ty78/ty78</sup> from Phenotype Annotation (1994-2006) Fig. for (ty78)
pg-68316513,spi<sup>tg293/tg293</sup> from Phenotype Annotation (1994-2006) Fig. for (tg293)
pg-68291241,tur<sup>te305/te305</sup> from Phenotype Annotation (1994-2006) Fig. for (te305)
pg-68319519,spi<sup>ty123/ty123</sup> from Phenotype Annotation (1994-2006) Fig. for (ty123)
pg-68335824,pio<sup>tb202/tb202</sup> from Phenotype Annotation (1994-2006) Fig. for (tb202)
pg-68315634,pun<sup>te380/te380</sup> from Phenotype Annotation (1994-2006) Fig. for (te380)
pg-68332217,qam<sup>tf208/tf208</sup> from Phenotype Annotation (1994-2006) Fig. for (tf208)
pg-68291689,qam<sup>ty41/ty41</sup> from Phenotype Annotation (1994-2006) Fig. for (ty41)
pg-68285108,sla<sup>ty112/ty112</sup> from Phenotype Annotation (1994-2006) Fig. for (ty112)
pg-68323496,copa<sup>tn211/tn211</sup> from Phenotype Annotation (1994-2006) Fig. for (tn211)
pg-68316226,copa<sup>tm75/tm75</sup> from Phenotype Annotation (1994-2006) Fig. for (tm75)
pg-68326789,spct<sup>tu21/tu21</sup> from Phenotype Annotation (1994-2006) Fig. for (tu21)
pg-68281558,spb<sup>te374/te374</sup> from Phenotype Annotation (1994-2006) Fig. for (te374)
pg-68318735,spi<sup>th260/th260</sup> from Phenotype Annotation (1994-2006) Fig. for (th260)
pg-68316321,spi<sup>tj270/tj270</sup> from Phenotype Annotation (1994-2006) Fig. for (tj270)
pg-68301464,ache<sup>tm206/tm206</sup> from Phenotype Annotation (1994-2006) Fig. for (tm206)
pg-68332636,tur<sup>ts39/ts39</sup> from Phenotype Annotation (1994-2006) Fig. for (ts39)
pg-68296704,tur<sup>tm209/tm209</sup> from Phenotype Annotation (1994-2006) Fig. for (tm209)
pg-68300125,tur<sup>tl203/tl203</sup> from Phenotype Annotation (1994-2006) Fig. for (tl203)
pg-68297114,tur<sup>tg307/tg307</sup> from Phenotype Annotation (1994-2006) Fig. for (tg307)
pg-68284879,tur<sup>th271/th271</sup> from Phenotype Annotation (1994-2006) Fig. for (th271)
pg-68324549,doc<sup>tt202/tt202</sup> from Phenotype Annotation (1994-2006) Fig. for (tt202)
pg-68314047,fub<sup>b126/b126</sup> from Phenotype Annotation (1994-2006) Fig. for (b126)
pg-68330896,spok<sup>tc311/tc311</sup> from Phenotype Annotation (1994-2006) Fig. for (tc311)
pg-68309977,spi<sup>tm33/tm33</sup> from Phenotype Annotation (1994-2006) Fig. for (tm33)
pg-68293637,slm<sup>tt208/tt208</sup> from Phenotype Annotation (1994-2006) Fig. for (tt208)
pg-68318047,chata<sup>tf247/tf247</sup> from Phenotype Annotation (1994-2006) Fig. for (tf247)
pg-68284608,glrbb<sup>tp221/tp221</sup> from Phenotype Annotation (1994-2006) Fig. for (tp221)
pg-68307467,cco<sup>ta87/ta87</sup> from Phenotype Annotation (1994-2006) Fig. for (ta87)
pg-68282149,dul<sup>tu45/tu45</sup> from Phenotype Annotation (1994-2006) Fig. for (tu45)
pg-68335992,quh<sup>tq268/tq268</sup> from Phenotype Annotation (1994-2006) Fig. for (tq268)
pg-68306714,get<sup>ty111/ty111</sup> from Phenotype Annotation (1994-2006) Fig. for (ty111)
pg-68284540,gre<sup>tr219/tr219</sup> from Phenotype Annotation (1994-2006) Fig. for (tr219)
pg-68287260,ruz<sup>tk258/tk258</sup> from Phenotype Annotation (1994-2006) Fig. for (tk258)
pg-68316850,pek<sup>td14/td14</sup> from Phenotype Annotation (1994-2006) Fig. for (td14)
pg-68312943,blr<sup>tm297/tm297</sup> from Phenotype Annotation (1994-2006) Fig. for (tm297)
pg-68308784,blr<sup>tx3/tx3</sup> from Phenotype Annotation (1994-2006) Fig. for (tx3)
pg-68334492,slc8a1a<sup>m139/m139</sup> from Phenotype Annotation (1994-2006) Fig. for (m139)
pg-68318337,cdh1<sup>dtv43/dtv43</sup> from Phenotype Annotation (1994-2006) Fig. for (dtv43)
pg-68336425,krit1<sup>ty219c/ty219c</sup> from Phenotype Annotation (1994-2006) Fig. for (ty219c)
pg-68326793,ndr2<sup>tf219/tf219</sup> from Phenotype Annotation (1994-2006) Fig. for (tf219)
pg-68278001,aoi<sup>tr222d/tr222d</sup> from Phenotype Annotation (1994-2006) Fig. for (tr222d)
pg-68314209,med14<sup>m628/m628</sup> from Phenotype Annotation (1994-2006) Fig. for (m628)
pg-68306982,cdh1<sup>tx230/tx230</sup> from Phenotype Annotation (1994-2006) Fig. for (tx230)
pg-68306845,pold1<sup>tf21c/tf21c</sup> from Phenotype Annotation (1994-2006) Fig. for (tf21c)
pg-68326191,gli1<sup>te370a/te370a</sup> from Phenotype Annotation (1994-2006) Fig. for (te370a)
pg-68310620,cdh1<sup>ts18/ts18</sup> from Phenotype Annotation (1994-2006) Fig. for (ts18)
pg-68313677,cdx4<sup>tl240a/tl240a</sup> from Phenotype Annotation (1994-2006) Fig. for (tl240a)
pg-68296454,dzip1<sup>ts294e/ts294e</sup> from Phenotype Annotation (1994-2006) Fig. for (ts294e)
pg-68321162,sox10<sup>tw2/tw2</sup> from Phenotype Annotation (1994-2006) Fig. for (tw2)
pg-68286760,axin1<sup>tm13/tm13</sup> from Phenotype Annotation (1994-2006) Fig. for (tm13)
pg-68302809,hot<sup>tl20b/tl20b</sup> from Phenotype Annotation (1994-2006) Fig. for (tl20b)
pg-68318953,gli2a<sup>ty119/ty119</sup> from Phenotype Annotation (1994-2006) Fig. for (ty119)
pg-68288283,ndr2<sup>m101/m101</sup> from Phenotype Annotation (1994-2006) Fig. for (m101)
pg-68311527,myh6<sup>m229/m229</sup> from Phenotype Annotation (1994-2006) Fig. for (m229)
pg-68299574,extl3<sup>tm70g/tm70g</sup> from Phenotype Annotation (1994-2006) Fig. for (tm70g)
pg-68309355,tbx16<sup>b104/b104</sup> from Phenotype Annotation (1994-2006) Fig. for (b104)
pg-68331645,fad<sup>tc7b/tc7b</sup> from Phenotype Annotation (1994-2006) Fig. for (tc7b)
pg-68293298,sox9a<sup>tw37/tw37</sup> from Phenotype Annotation (1994-2006) Fig. for (tw37)
pg-68309078,lamc1<sup>m86/m86</sup> from Phenotype Annotation (1994-2006) Fig. for (m86)
pg-68315100,lamb1a<sup>m217/m217</sup> from Phenotype Annotation (1994-2006) Fig. for (m217)
pg-68296378,myh6<sup>m58/m58</sup> from Phenotype Annotation (1994-2006) Fig. for (m58)
pg-68288071,tdgf1<sup>tz257/tz257</sup> from Phenotype Annotation (1994-2006) Fig. for (tz257)
pg-68292913,vangl2<sup>tk50f/tk50f</sup> from Phenotype Annotation (1994-2006) Fig. for (tk50f)
pg-68286364,s1pr2<sup>te273/te273</sup> from Phenotype Annotation (1994-2006) Fig. for (te273)
pg-68315273,ahctf1<sup>ti262c/ti262c</sup> from Phenotype Annotation (1994-2006) Fig. for (ti262c)
pg-68282176,tnnt2a<sup>b109/b109</sup> from Phenotype Annotation (1994-2006) Fig. for (b109)
pg-68315688,sox10<sup>tw11/tw11</sup> from Phenotype Annotation (1994-2006) Fig. for (tw11)
pg-68305369,slc8a1a<sup>m116/m116</sup> from Phenotype Annotation (1994-2006) Fig. for (m116)
pg-68293577,cdh2<sup>tj250a/tj250a</sup> from Phenotype Annotation (1994-2006) Fig. for (tj250a)
pg-68318254,loa<sup>tu29d/tu29d</sup> from Phenotype Annotation (1994-2006) Fig. for (tu29d)
pg-68320938,trp<sup>tm117d/tm117d</sup> from Phenotype Annotation (1994-2006) Fig. for (tm117d)
pg-68331407,pkd2<sup>tp85a/tp85a</sup> from Phenotype Annotation (1994-2006) Fig. for (tp85a)
pg-68328859,copb2<sup>m475/m475</sup> from Phenotype Annotation (1994-2006) Fig. for (m475)
pg-68294053,med14<sup>m673/m673</sup> from Phenotype Annotation (1994-2006) Fig. for (m673)
pg-68335041,tfap2a<sup>ts213/ts213</sup> from Phenotype Annotation (1994-2006) Fig. for (ts213)
pg-68292200,cdc20<sup>ta94/ta94</sup> from Phenotype Annotation (1994-2006) Fig. for (ta94)
pg-68310557,web<sup>tc288b/tc288b</sup> from Phenotype Annotation (1994-2006) Fig. for (tc288b)
pg-68301176,slc8a1a<sup>m276/m276</sup> from Phenotype Annotation (1994-2006) Fig. for (m276)
pg-68305436,ext2<sup>tw25e/tw25e</sup> from Phenotype Annotation (1994-2006) Fig. for (tw25e)
pg-68304073,vangl2<sup>m747/m747</sup> from Phenotype Annotation (1994-2006) Fig. for (m747)
pg-68334987,ndr2<sup>m294/m294</sup> from Phenotype Annotation (1994-2006) Fig. for (m294)
pg-68309235,lamb1a<sup>m189/m189</sup> from Phenotype Annotation (1994-2006) Fig. for (m189)
pg-68314416,chrna1<sup>b107/b107</sup> from Phenotype Annotation (1994-2006) Fig. for (b107)
pg-68285068,edn1<sup>tf216b/tf216b</sup> from Phenotype Annotation (1994-2006) Fig. for (tf216b)
pg-68280439,hot<sup>tl17d/tl17d</sup> from Phenotype Annotation (1994-2006) Fig. for (tl17d)
pg-68318177,ham<sup>te296c/te296c</sup> from Phenotype Annotation (1994-2006) Fig. for (te296c)
pg-68305550,kap<sup>ty236a/ty236a</sup> from Phenotype Annotation (1994-2006) Fig. for (ty236a)
pg-68291331,slc8a1a<sup>m736/m736</sup> from Phenotype Annotation (1994-2006) Fig. for (m736)
pg-68325700,slc8a1a<sup>m158/m158</sup> from Phenotype Annotation (1994-2006) Fig. for (m158)
pg-68282127,mib1<sup>ta52b/ta52b</sup> from Phenotype Annotation (1994-2006) Fig. for (ta52b)
pg-68290750,dzip1<sup>tm79a/tm79a</sup> from Phenotype Annotation (1994-2006) Fig. for (tm79a)
pg-68281047,racgap1<sup>ta52a/ta52a</sup> from Phenotype Annotation (1994-2006) Fig. for (ta52a)
pg-68317049,pkd2<sup>ty30/ty30</sup> from Phenotype Annotation (1994-2006) Fig. for (ty30)
pg-68323107,cdh1<sup>tm94/tm94</sup> from Phenotype Annotation (1994-2006) Fig. for (tm94)
pg-68327811,wnt5b<sup>ta98/ta98</sup> from Phenotype Annotation (1994-2006) Fig. for (ta98)
pg-68311053,sin<sup>ty130d/ty130d</sup> from Phenotype Annotation (1994-2006) Fig. for (ty130d)
pg-68300622,hot<sup>to273e/to273e</sup> from Phenotype Annotation (1994-2006) Fig. for (to273e)
pg-68278450,tdgf1<sup>m134/m134</sup> from Phenotype Annotation (1994-2006) Fig. for (m134)
pg-68309647,lama1<sup>m190/m190</sup> from Phenotype Annotation (1994-2006) Fig. for (m190)
pg-68283851,foxh1<sup>ty68b/ty68b</sup> from Phenotype Annotation (1994-2006) Fig. for (ty68b)
pg-68331018,smad5<sup>dty40/dty40</sup> from Phenotype Annotation (1994-2006) Fig. for (dty40)
pg-68282179,frks<sup>th35d/th35d</sup> from Phenotype Annotation (1994-2006) Fig. for (th35d)
pg-68298671,trim33<sup>tb222b/tb222b</sup> from Phenotype Annotation (1994-2006) Fig. for (tb222b)
pg-68298445,meox1<sup>tm26/tm26</sup> from Phenotype Annotation (1994-2006) Fig. for (tm26)
pg-68325589,extl3<sup>te242/te242</sup> from Phenotype Annotation (1994-2006) Fig. for (te242)
pg-68319312,dfd<sup>tj241a/tj241a</sup> from Phenotype Annotation (1994-2006) Fig. for (tj241a)
pg-68333708,balh<sup>tp71d/tp71d</sup> from Phenotype Annotation (1994-2006) Fig. for (tp71d)
pg-68280860,pax2a<sup>th44/th44</sup> from Phenotype Annotation (1994-2006) Fig. for (th44)
pg-68326700,s1pr2<sup>m93/m93</sup> from Phenotype Annotation (1994-2006) Fig. for (m93)
pg-68320180,sml<sup>tt279b/tt279b</sup> from Phenotype Annotation (1994-2006) Fig. for (tt279b)
pg-68280729,slc6a9<sup>te301/te301</sup> from Phenotype Annotation (1994-2006) Fig. for (te301)
pg-68326928,lamc1<sup>te223/te223</sup> from Phenotype Annotation (1994-2006) Fig. for (te223)
pg-68296887,rb1<sup>ty85d/ty85d</sup> from Phenotype Annotation (1994-2006) Fig. for (ty85d)
pg-68293863,pol<sup>ty124d/ty124d</sup> from Phenotype Annotation (1994-2006) Fig. for (ty124d)
pg-68287723,str<sup>tu255b/tu255b</sup> from Phenotype Annotation (1994-2006) Fig. for (tu255b)
pg-68303920,boc<sup>ty54z/ty54z</sup> from Phenotype Annotation (1994-2006) Fig. for (ty54z)
pg-68308069,vic<sup>tg211c/tg211c</sup> from Phenotype Annotation (1994-2006) Fig. for (tg211c)
pg-68300027,wir<sup>ty44a/ty44a</sup> from Phenotype Annotation (1994-2006) Fig. for (ty44a)
pg-68334062,atp2a1<sup>tm286/tm286</sup> from Phenotype Annotation (1994-2006) Fig. for (tm286)
pg-68331093,lama1<sup>tm220a/tm220a</sup> from Phenotype Annotation (1994-2006) Fig. for (tm220a)
pg-68284962,lama1<sup>tf235/tf235</sup> from Phenotype Annotation (1994-2006) Fig. for (tf235)
pg-68288721,lama1<sup>tm267a/tm267a</sup> from Phenotype Annotation (1994-2006) Fig. for (tm267a)
pg-68311035,lama1<sup>tc245a/tc245a</sup> from Phenotype Annotation (1994-2006) Fig. for (tc245a)
pg-68303070,lama1<sup>tc248f/tc248f</sup> from Phenotype Annotation (1994-2006) Fig. for (tc248f)
pg-68298760,blc<sup>th204b/th204b</sup> from Phenotype Annotation (1994-2006) Fig. for (th204b)
pg-68313494,brd<sup>tp41z/tp41z</sup> from Phenotype Annotation (1994-2006) Fig. for (tp41z)
pg-68285220,brd<sup>tm42z/tm42z</sup> from Phenotype Annotation (1994-2006) Fig. for (tm42z)
pg-68335391,lamb2<sup>tm272a/tm272a</sup> from Phenotype Annotation (1994-2006) Fig. for (tm272a)
pg-68315521,cco<sup>ty86b/ty86b</sup> from Phenotype Annotation (1994-2006) Fig. for (ty86b)
pg-68278946,pkd2<sup>tc321/tc321</sup> from Phenotype Annotation (1994-2006) Fig. for (tc321)
pg-68328838,ext2<sup>tf205/tf205</sup> from Phenotype Annotation (1994-2006) Fig. for (tf205)
pg-68329963,plod3<sup>tz290/tz290</sup> from Phenotype Annotation (1994-2006) Fig. for (tz290)
pg-68280877,edi<sup>tp67b/tp67b</sup> from Phenotype Annotation (1994-2006) Fig. for (tp67b)
pg-68284887,mycbp2<sup>tg5/tg5</sup> from Phenotype Annotation (1994-2006) Fig. for (tg5)
pg-68313787,musk<sup>te314b/te314b</sup> from Phenotype Annotation (1994-2006) Fig. for (te314b)
pg-68325336,mycbp2<sup>tp203/tp203</sup> from Phenotype Annotation (1994-2006) Fig. for (tp203)
pg-68334709,mycbp2<sup>tf4z/tf4z</sup> from Phenotype Annotation (1994-2006) Fig. for (tf4z)
pg-68324485,pold1<sup>th5b/th5b</sup> from Phenotype Annotation (1994-2006) Fig. for (th5b)
pg-68316986,lamb1a<sup>tm61/tm61</sup> from Phenotype Annotation (1994-2006) Fig. for (tm61)
pg-68316909,copb1<sup>ty230/ty230</sup> from Phenotype Annotation (1994-2006) Fig. for (ty230)
pg-68321751,hen<sup>tt209b/tt209b</sup> from Phenotype Annotation (1994-2006) Fig. for (tt209b)
pg-68284739,kei<sup>ts276e/ts276e</sup> from Phenotype Annotation (1994-2006) Fig. for (ts276e)
pg-68289668,ccdc40<sup>to237b/to237b</sup> from Phenotype Annotation (1994-2006) Fig. for (to237b)
pg-68311222,trim33<sup>tc239b/tc239b</sup> from Phenotype Annotation (1994-2006) Fig. for (tc239b)
pg-68281881,trim33<sup>tg234/tg234</sup> from Phenotype Annotation (1994-2006) Fig. for (tg234)
pg-68300945,pol<sup>ty32b/ty32b</sup> from Phenotype Annotation (1994-2006) Fig. for (ty32b)
pg-68308703,cdh2<sup>tg299b/tg299b</sup> from Phenotype Annotation (1994-2006) Fig. for (tg299b)
pg-68310989,smad5<sup>tc227a/tc227a</sup> from Phenotype Annotation (1994-2006) Fig. for (tc227a)
pg-68307821,smad5<sup>dti216c/dti216c</sup> from Phenotype Annotation (1994-2006) Fig. for (dti216c)
pg-68326816,pup<sup>tm88a/tm88a</sup> from Phenotype Annotation (1994-2006) Fig. for (tm88a)
pg-68305370,wnt5b<sup>th278/th278</sup> from Phenotype Annotation (1994-2006) Fig. for (th278)
pg-68334960,pun<sup>tp219d/tp219d</sup> from Phenotype Annotation (1994-2006) Fig. for (tp219d)
pg-68315500,qam<sup>tm138b/tm138b</sup> from Phenotype Annotation (1994-2006) Fig. for (tm138b)
pg-68307183,lamc1<sup>ti272a/ti272a</sup> from Phenotype Annotation (1994-2006) Fig. for (ti272a)
pg-68306685,lamc1<sup>tm89/tm89</sup> from Phenotype Annotation (1994-2006) Fig. for (tm89)
pg-68323148,lamc1<sup>ti263a/ti263a</sup> from Phenotype Annotation (1994-2006) Fig. for (ti263a)
pg-68296554,copa<sup>tq249b/tq249b</sup> from Phenotype Annotation (1994-2006) Fig. for (tq249b)
pg-68336837,tbx16<sup>tq5/tq5</sup> from Phenotype Annotation (1994-2006) Fig. for (tq5)
pg-68281692,spi<sup>tc326b/tc326b</sup> from Phenotype Annotation (1994-2006) Fig. for (tc326b)
pg-68297278,tan<sup>tg299c/tg299c</sup> from Phenotype Annotation (1994-2006) Fig. for (tg299c)
pg-68335266,tur<sup>tc236a/tc236a</sup> from Phenotype Annotation (1994-2006) Fig. for (tc236a)
pg-68286658,tur<sup>tm243c/tm243c</sup> from Phenotype Annotation (1994-2006) Fig. for (tm243c)
pg-68336819,tur<sup>ti262b/ti262b</sup> from Phenotype Annotation (1994-2006) Fig. for (ti262b)
pg-68281054,eya1<sup>tm90b/tm90b</sup> from Phenotype Annotation (1994-2006) Fig. for (tm90b)
pg-68333439,sox10<sup>t3/t3</sup> from Phenotype Annotation (1994-2006) Fig. for (t3)
pg-68318285,fub<sup>tu44a/tu44a</sup> from Phenotype Annotation (1994-2006) Fig. for (tu44a)
pg-68280209,cacnb1<sup>ts25/ts25</sup> from Phenotype Annotation (1994-2006) Fig. for (ts25)
pg-68300053,tll1<sup>tc263a/tc263a</sup> from Phenotype Annotation (1994-2006) Fig. for (tc263a)
pg-68324498,tll1<sup>tv9b/tv9b</sup> from Phenotype Annotation (1994-2006) Fig. for (tv9b)
pg-68301967,tll1<sup>tb241c/tb241c</sup> from Phenotype Annotation (1994-2006) Fig. for (tb241c)
pg-68286050,ccdc40<sup>tj8/tj8</sup> from Phenotype Annotation (1994-2006) Fig. for (tj8)
pg-68304317,pold1<sup>tu255e/tu255e</sup> from Phenotype Annotation (1994-2006) Fig. for (tu255e)
pg-68299990,slw<sup>tl225b/tl225b</sup> from Phenotype Annotation (1994-2006) Fig. for (tl225b)
pg-68333066,fad<sup>tm63c/tm63c</sup> from Phenotype Annotation (1994-2006) Fig. for (tm63c)
pg-68287336,pip<sup>tq286e/tq286e</sup> from Phenotype Annotation (1994-2006) Fig. for (tq286e)
pg-68278519,byp<sup>tu244c/tu244c</sup> from Phenotype Annotation (1994-2006) Fig. for (tu244c)
pg-68279384,mycbp2<sup>tg265a/tg265a</sup> from Phenotype Annotation (1994-2006) Fig. for (tg265a)
pg-68299338,disp1<sup>tm15a/tm15a</sup> from Phenotype Annotation (1994-2006) Fig. for (tm15a)
pg-68298592,disp1<sup>th6/th6</sup> from Phenotype Annotation (1994-2006) Fig. for (th6)
pg-68284486,otop1<sup>tm317d/tm317d</sup> from Phenotype Annotation (1994-2006) Fig. for (tm317d)
pg-68282508,cdh2<sup>tb8/tb8</sup> from Phenotype Annotation (1994-2006) Fig. for (tb8)
pg-68300515,disp1<sup>tf18b/tf18b</sup> from Phenotype Annotation (1994-2006) Fig. for (tf18b)
pg-68299036,ext2<sup>to273b/to273b</sup> from Phenotype Annotation (1994-2006) Fig. for (to273b)
pg-68330380,mycbp2<sup>th222/th222</sup> from Phenotype Annotation (1994-2006) Fig. for (th222)
pg-68329676,ivy<sup>tm271a/tm271a</sup> from Phenotype Annotation (1994-2006) Fig. for (tm271a)
pg-68280172,kei<sup>ts242a/ts242a</sup> from Phenotype Annotation (1994-2006) Fig. for (ts242a)
pg-68281391,mir<sup>tm79d/tm79d</sup> from Phenotype Annotation (1994-2006) Fig. for (tm79d)
pg-68295048,trim33<sup>te345/te345</sup> from Phenotype Annotation (1994-2006) Fig. for (te345)
pg-68300202,fn1a<sup>ta219/ta219</sup> from Phenotype Annotation (1994-2006) Fig. for (ta219)
pg-68322947,tbxta<sup>tb244e/tb244e</sup> from Phenotype Annotation (1994-2006) Fig. for (tb244e)
pg-68317251,med12<sup>ta76b/ta76b</sup> from Phenotype Annotation (1994-2006) Fig. for (ta76b)
pg-68300410,llgl2<sup>to6/to6</sup> from Phenotype Annotation (1994-2006) Fig. for (to6)
pg-68334465,ache<sup>tf222a/tf222a</sup> from Phenotype Annotation (1994-2006) Fig. for (tf222a)
pg-68315747,blr<sup>tp223a/tp223a</sup> from Phenotype Annotation (1994-2006) Fig. for (tp223a)
pg-68283387,blr<sup>tq262b/tq262b</sup> from Phenotype Annotation (1994-2006) Fig. for (tq262b)
pg-68319823,T(Chr12:ndr2)b213/b213 from Phenotype Annotation (1994-2006) Fig. for (b213)
pg-68298706,pkd2<sup>tg226d/tg226d</sup> from Phenotype Annotation (1994-2006) Fig. for (tg226d)
pg-68320190,pup<sup>tm9a/tm9a</sup> from Phenotype Annotation (1994-2006) Fig. for (tm9a)
pg-68292954,piru<sup>tq213b/tq213b</sup> from Phenotype Annotation (1994-2006) Fig. for (tq213b)
pg-68278224,puz<sup>tp49c/tp49c</sup> from Phenotype Annotation (1994-2006) Fig. for (tp49c)
pg-68308753,disp1<sup>tu214/tu214</sup> from Phenotype Annotation (1994-2006) Fig. for (tu214)
pg-68294069,sah<sup>tq251e/tq251e</sup> from Phenotype Annotation (1994-2006) Fig. for (tq251e)
pg-68297600,spi<sup>tg245a/tg245a</sup> from Phenotype Annotation (1994-2006) Fig. for (tg245a)
pg-68301186,disp1<sup>ty60/ty60</sup> from Phenotype Annotation (1994-2006) Fig. for (ty60)
pg-68302146,plcb3<sup>th210/th210</sup> from Phenotype Annotation (1994-2006) Fig. for (th210)
pg-68299087,copa<sup>td204a/td204a</sup> from Phenotype Annotation (1994-2006) Fig. for (td204a)
pg-68286137,ccdc40<sup>ts277/ts277</sup> from Phenotype Annotation (1994-2006) Fig. for (ts277)
pg-68307928,copb1<sup>tr278/tr278</sup> from Phenotype Annotation (1994-2006) Fig. for (tr278)
pg-68307459,slc1a2b<sup>tk57/tk57</sup> from Phenotype Annotation (1994-2006) Fig. for (tk57)
pg-68289272,mycbp2<sup>ty130b/ty130b</sup> from Phenotype Annotation (1994-2006) Fig. for (ty130b)
pg-68299246,kei<sup>tb213b/tb213b</sup> from Phenotype Annotation (1994-2006) Fig. for (tb213b)
pg-68333808,robo3<sup>tw204/tw204</sup> from Phenotype Annotation (1994-2006) Fig. for (tw204)
pg-68328735,prdm1a<sup>tp39/tp39</sup> from Phenotype Annotation (1994-2006) Fig. for (tp39)
pg-68323412,tbx1<sup>tm208/tm208</sup> from Phenotype Annotation (1994-2006) Fig. for (tm208)
pg-68308773,viper<sup>ta52e/ta52e</sup> from Phenotype Annotation (1994-2006) Fig. for (ta52e)
pg-68306619,wsh<sup>tm132e/tm132e</sup> from Phenotype Annotation (1994-2006) Fig. for (tm132e)
pg-68321797,atp2a1<sup>ty20/ty20</sup> from Phenotype Annotation (1994-2006) Fig. for (ty20)
pg-68311576,cdx4<sup>tv205c/tv205c</sup> from Phenotype Annotation (1994-2006) Fig. for (tv205c)
pg-68308492,ziz<sup>tf4d/tf4d</sup> from Phenotype Annotation (1994-2006) Fig. for (tf4d)
pg-68290937,glrbb<sup>tw38f/tw38f</sup> from Phenotype Annotation (1994-2006) Fig. for (tw38f)
pg-68280363,lama1<sup>tv36/tv36</sup> from Phenotype Annotation (1994-2006) Fig. for (tv36)
pg-68321993,lama1<sup>tr203/tr203</sup> from Phenotype Annotation (1994-2006) Fig. for (tr203)
pg-68310217,lama1<sup>to265/to265</sup> from Phenotype Annotation (1994-2006) Fig. for (to265)
pg-68304996,lama1<sup>tq210/tq210</sup> from Phenotype Annotation (1994-2006) Fig. for (tq210)
pg-68305661,brd<sup>tv59y/tv59y</sup> from Phenotype Annotation (1994-2006) Fig. for (tv59y)
pg-68315699,rb1<sup>te226a/te226a</sup> from Phenotype Annotation (1994-2006) Fig. for (te226a)
pg-68336755,extl3<sup>tm317c/tm317c</sup> from Phenotype Annotation (1994-2006) Fig. for (tm317c)
pg-68313437,extl3<sup>tp67z/tp67z</sup> from Phenotype Annotation (1994-2006) Fig. for (tp67z)
pg-68297950,lamb1a<sup>tg210/tg210</sup> from Phenotype Annotation (1994-2006) Fig. for (tg210)
pg-68285112,copb2<sup>tm18a/tm18a</sup> from Phenotype Annotation (1994-2006) Fig. for (tm18a)
pg-68298205,edi<sup>to255b/to255b</sup> from Phenotype Annotation (1994-2006) Fig. for (to255b)
pg-68336786,edi<sup>tk232a/tk232a</sup> from Phenotype Annotation (1994-2006) Fig. for (tk232a)
pg-68297452,mycbp2<sup>th36b/th36b</sup> from Phenotype Annotation (1994-2006) Fig. for (th36b)
pg-68316127,mycbp2<sup>tj236/tj236</sup> from Phenotype Annotation (1994-2006) Fig. for (tj236)
pg-68300405,mycbp2<sup>tn207b/tn207b</sup> from Phenotype Annotation (1994-2006) Fig. for (tn207b)
pg-68325666,fad<sup>tp94c/tp94c</sup> from Phenotype Annotation (1994-2006) Fig. for (tp94c)
pg-68331490,pold1<sup>ta53c/ta53c</sup> from Phenotype Annotation (1994-2006) Fig. for (ta53c)
pg-68310871,pold1<sup>ty76/ty76</sup> from Phenotype Annotation (1994-2006) Fig. for (ty76)
pg-68333978,ghl<sup>to52b/to52b</sup> from Phenotype Annotation (1994-2006) Fig. for (to52b)
pg-68329927,lamb1a<sup>tx221/tx221</sup> from Phenotype Annotation (1994-2006) Fig. for (tx221)
pg-68287411,lamb1a<sup>tp42/tp42</sup> from Phenotype Annotation (1994-2006) Fig. for (tp42)
pg-68290891,hot<sup>tv49b/tv49b</sup> from Phenotype Annotation (1994-2006) Fig. for (tv49b)
pg-68312278,copb1<sup>tk56a/tk56a</sup> from Phenotype Annotation (1994-2006) Fig. for (tk56a)
pg-68332277,spi<sup>ti284b/ti284b</sup> from Phenotype Annotation (1994-2006) Fig. for (ti284b)
pg-68290382,trim33<sup>tz276/tz276</sup> from Phenotype Annotation (1994-2006) Fig. for (tz276)
pg-68330424,pax2a<sup>tb21/tb21</sup> from Phenotype Annotation (1994-2006) Fig. for (tb21)
pg-68298502,pep<sup>th204a/th204a</sup> from Phenotype Annotation (1994-2006) Fig. for (th204a)
pg-68309397,smad5<sup>ta206/ta206</sup> from Phenotype Annotation (1994-2006) Fig. for (ta206)
pg-68278420,smad5<sup>tx223/tx223</sup> from Phenotype Annotation (1994-2006) Fig. for (tx223)
pg-68315721,pio<sup>to75a/to75a</sup> from Phenotype Annotation (1994-2006) Fig. for (to75a)
pg-68334870,qam<sup>tb244c/tb244c</sup> from Phenotype Annotation (1994-2006) Fig. for (tb244c)
pg-68304729,lamc1<sup>te333/te333</sup> from Phenotype Annotation (1994-2006) Fig. for (te333)
pg-68297722,lamc1<sup>tp16/tp16</sup> from Phenotype Annotation (1994-2006) Fig. for (tp16)
pg-68299248,hsp90aa1.1<sup>tm201/tm201</sup> from Phenotype Annotation (1994-2006) Fig. for (tm201)
pg-68320248,spi<sup>ty7a/ty7a</sup> from Phenotype Annotation (1994-2006) Fig. for (ty7a)
pg-68336068,spi<sup>tu228d/tu228d</sup> from Phenotype Annotation (1994-2006) Fig. for (tu228d)
pg-68285150,spi<sup>te292a/te292a</sup> from Phenotype Annotation (1994-2006) Fig. for (te292a)
pg-68323751,spi<sup>th36a/th36a</sup> from Phenotype Annotation (1994-2006) Fig. for (th36a)
pg-68315255,spi<sup>ty130e/ty130e</sup> from Phenotype Annotation (1994-2006) Fig. for (ty130e)
pg-68331162,spi<sup>tu235a/tu235a</sup> from Phenotype Annotation (1994-2006) Fig. for (tu235a)
pg-68292614,furina<sup>td204e/td204e</sup> from Phenotype Annotation (1994-2006) Fig. for (td204e)
pg-68292935,vangl2<sup>tc240/tc240</sup> from Phenotype Annotation (1994-2006) Fig. for (tc240)
pg-68297467,tur<sup>to255a/to255a</sup> from Phenotype Annotation (1994-2006) Fig. for (to255a)
pg-68307414,tur<sup>th236b/th236b</sup> from Phenotype Annotation (1994-2006) Fig. for (th236b)
pg-68282912,tur<sup>tt272a/tt272a</sup> from Phenotype Annotation (1994-2006) Fig. for (tt272a)
pg-68290551,tur<sup>ta86a/ta86a</sup> from Phenotype Annotation (1994-2006) Fig. for (ta86a)
pg-68333751,robo3<sup>tg224a/tg224a</sup> from Phenotype Annotation (1994-2006) Fig. for (tg224a)
pg-68325106,way<sup>ta51x/ta51x</sup> from Phenotype Annotation (1994-2006) Fig. for (ta51x)
pg-68296438,cdc20<sup>te317/te317</sup> from Phenotype Annotation (1994-2006) Fig. for (te317)
pg-68325218,wup<sup>tj241b/tj241b</sup> from Phenotype Annotation (1994-2006) Fig. for (tj241b)
pg-68289753,eya1<sup>tp85b/tp85b</sup> from Phenotype Annotation (1994-2006) Fig. for (tp85b)
pg-68305591,eya1<sup>tc257e/tc257e</sup> from Phenotype Annotation (1994-2006) Fig. for (tc257e)
pg-68333383,ele<sup>ty77e/ty77e</sup> from Phenotype Annotation (1994-2006) Fig. for (ty77e)
pg-68287438,rerea<sup>tw220c/tw220c</sup> from Phenotype Annotation (1994-2006) Fig. for (tw220c)
pg-68308436,tnd<sup>tf222c/tf222c</sup> from Phenotype Annotation (1994-2006) Fig. for (tf222c)
pg-68311657,tll1<sup>tf215a/tf215a</sup> from Phenotype Annotation (1994-2006) Fig. for (tf215a)
pg-68312763,sox32<sup>ta56/ta56</sup> from Phenotype Annotation (1994-2006) Fig. for (ta56)
pg-68298681,kei<sup>tc242a/tc242a</sup> from Phenotype Annotation (1994-2006) Fig. for (tc242a)
pg-68287400,fub<sup>ta51b/ta51b</sup> from Phenotype Annotation (1994-2006) Fig. for (ta51b)
pg-68321499,ziz<sup>tq286b/tq286b</sup> from Phenotype Annotation (1994-2006) Fig. for (tq286b)
pg-68306283,spi<sup>ty219a/ty219a</sup> from Phenotype Annotation (1994-2006) Fig. for (ty219a)
pg-68279340,mycbp2<sup>te250/te250</sup> from Phenotype Annotation (1994-2006) Fig. for (te250)
pg-68301858,spi<sup>ty54a/ty54a</sup> from Phenotype Annotation (1994-2006) Fig. for (ty54a)
pg-68319593,edi<sup>tc245c/tc245c</sup> from Phenotype Annotation (1994-2006) Fig. for (tc245c)
pg-68310568,lama1<sup>tp82/tp82</sup> from Phenotype Annotation (1994-2006) Fig. for (tp82)
pg-68327260,aqb<sup>to260b/to260b</sup> from Phenotype Annotation (1994-2006) Fig. for (to260b)
pg-68280332,sic<sup>tm123b/tm123b</sup> from Phenotype Annotation (1994-2006) Fig. for (tm123b)
pg-68299377,gata5<sup>tm236a/tm236a</sup> from Phenotype Annotation (1994-2006) Fig. for (tm236a)
pg-68319085,gli1<sup>ts269/ts269</sup> from Phenotype Annotation (1994-2006) Fig. for (ts269)
pg-68310333,plod3<sup>ts286/ts286</sup> from Phenotype Annotation (1994-2006) Fig. for (ts286)
pg-68312486,gam<sup>tf207d/tf207d</sup> from Phenotype Annotation (1994-2006) Fig. for (tf207d)
pg-68281100,ger<sup>tc11c/tc11c</sup> from Phenotype Annotation (1994-2006) Fig. for (tc11c)
pg-68318142,hot<sup>tq213d/tq213d</sup> from Phenotype Annotation (1994-2006) Fig. for (tq213d)
pg-68332829,fbxo5<sup>ti245/ti245</sup> from Phenotype Annotation (1994-2006) Fig. for (ti245)
pg-68283709,mef2ca<sup>tn213/tn213</sup> from Phenotype Annotation (1994-2006) Fig. for (tn213)
pg-68301708,jam<sup>tr254a/tr254a</sup> from Phenotype Annotation (1994-2006) Fig. for (tr254a)
pg-68313952,unc45a<sup>tr12/tr12</sup> from Phenotype Annotation (1994-2006) Fig. for (tr12)
pg-68279217,plk<sup>ty105b/ty105b</sup> from Phenotype Annotation (1994-2006) Fig. for (ty105b)
pg-68305540,ccdc40<sup>tm138a/tm138a</sup> from Phenotype Annotation (1994-2006) Fig. for (tm138a)
pg-68282200,los<sup>ty85b/ty85b</sup> from Phenotype Annotation (1994-2006) Fig. for (ty85b)
pg-68300987,cyfip2<sup>tr230b/tr230b</sup> from Phenotype Annotation (1994-2006) Fig. for (tr230b)
pg-68290784,chrna1<sup>tk48d/tk48d</sup> from Phenotype Annotation (1994-2006) Fig. for (tk48d)
pg-68312398,pch<sup>ts292e/ts292e</sup> from Phenotype Annotation (1994-2006) Fig. for (ts292e)
pg-68292903,blr<sup>tu29c/tu29c</sup> from Phenotype Annotation (1994-2006) Fig. for (tu29c)
pg-68326967,Df(Chr12:ndr2)b229/b229 from Phenotype Annotation (1994-2006) Fig. for (b229)
pg-68335056,pio<sup>tc276c/tc276c</sup> from Phenotype Annotation (1994-2006) Fig. for (tc276c)
pg-68283171,roc<sup>tc239d/tc239d</sup> from Phenotype Annotation (1994-2006) Fig. for (tc239d)
pg-68284289,stb<sup>tb241b/tb241b</sup> from Phenotype Annotation (1994-2006) Fig. for (tb241b)
pg-68321146,sam<sup>tb233a/tb233a</sup> from Phenotype Annotation (1994-2006) Fig. for (tb233a)
pg-68320894,sbd<sup>tm337c/tm337c</sup> from Phenotype Annotation (1994-2006) Fig. for (tm337c)
pg-68333806,snt<sup>tg226c/tg226c</sup> from Phenotype Annotation (1994-2006) Fig. for (tg226c)
pg-68314171,chrnd<sup>tj19d/tj19d</sup> from Phenotype Annotation (1994-2006) Fig. for (tj19d)
pg-68326290,tbx16<sup>tm41/tm41</sup> from Phenotype Annotation (1994-2006) Fig. for (tm41)
pg-68314009,stw<sup>tw29c/tw29c</sup> from Phenotype Annotation (1994-2006) Fig. for (tw29c)
pg-68307042,mycbp2<sup>te275/te275</sup> from Phenotype Annotation (1994-2006) Fig. for (te275)
pg-68317506,tan<sup>to216b/to216b</sup> from Phenotype Annotation (1994-2006) Fig. for (to216b)
pg-68317672,tin<sup>tq266a/tq266a</sup> from Phenotype Annotation (1994-2006) Fig. for (tq266a)
pg-68327492,gon4l<sup>tu24/tu24</sup> from Phenotype Annotation (1994-2006) Fig. for (tu24)
pg-68317485,van<sup>ty6d/ty6d</sup> from Phenotype Annotation (1994-2006) Fig. for (ty6d)
pg-68289783,way<sup>ta85c/ta85c</sup> from Phenotype Annotation (1994-2006) Fig. for (ta85c)
pg-68298602,win<sup>tk254a/tk254a</sup> from Phenotype Annotation (1994-2006) Fig. for (tk254a)
pg-68309499,atp2a1<sup>tq206/tq206</sup> from Phenotype Annotation (1994-2006) Fig. for (tq206)
pg-68333166,spi<sup>tg22e/tg22e</sup> from Phenotype Annotation (1994-2006) Fig. for (tg22e)
pg-68288921,glrbb<sup>ta86d/ta86d</sup> from Phenotype Annotation (1994-2006) Fig. for (ta86d)
pg-68289581,lama1<sup>tr259/tr259</sup> from Phenotype Annotation (1994-2006) Fig. for (tr259)
pg-68296131,lama1<sup>tt206/tt206</sup> from Phenotype Annotation (1994-2006) Fig. for (tt206)
pg-68282664,lama1<sup>tp86/tp86</sup> from Phenotype Annotation (1994-2006) Fig. for (tp86)
pg-68296328,lama1<sup>tf209/tf209</sup> from Phenotype Annotation (1994-2006) Fig. for (tf209)
pg-68284322,brd<sup>ty103z/ty103z</sup> from Phenotype Annotation (1994-2006) Fig. for (ty103z)
pg-68321393,lama1<sup>tb244f/tb244f</sup> from Phenotype Annotation (1994-2006) Fig. for (tb244f)
pg-68323180,brd<sup>tm46y/tm46y</sup> from Phenotype Annotation (1994-2006) Fig. for (tm46y)
pg-68333447,brd<sup>tc265z/tc265z</sup> from Phenotype Annotation (1994-2006) Fig. for (tc265z)
pg-68317376,lamb2<sup>te234/te234</sup> from Phenotype Annotation (1994-2006) Fig. for (te234)
pg-68302958,extl3<sup>tg308c/tg308c</sup> from Phenotype Annotation (1994-2006) Fig. for (tg308c)
pg-68281323,extl3<sup>tw24/tw24</sup> from Phenotype Annotation (1994-2006) Fig. for (tw24)
pg-68288143,extl3<sup>to232/to232</sup> from Phenotype Annotation (1994-2006) Fig. for (to232)
pg-68289115,plod3<sup>tv205a/tv205a</sup> from Phenotype Annotation (1994-2006) Fig. for (tv205a)
pg-68326806,gli1<sup>tm276b/tm276b</sup> from Phenotype Annotation (1994-2006) Fig. for (tm276b)
pg-68336001,copb2<sup>tz226/tz226</sup> from Phenotype Annotation (1994-2006) Fig. for (tz226)
pg-68278105,mycbp2<sup>tb241a/tb241a</sup> from Phenotype Annotation (1994-2006) Fig. for (tb241a)
pg-68295931,mycbp2<sup>ts208/ts208</sup> from Phenotype Annotation (1994-2006) Fig. for (ts208)
pg-68293981,mycbp2<sup>te376/te376</sup> from Phenotype Annotation (1994-2006) Fig. for (te376)
pg-68322878,copb1<sup>te239/te239</sup> from Phenotype Annotation (1994-2006) Fig. for (te239)
pg-68326652,copb1<sup>tm285/tm285</sup> from Phenotype Annotation (1994-2006) Fig. for (tm285)
pg-68314213,kei<sup>tj229f/tj229f</sup> from Phenotype Annotation (1994-2006) Fig. for (tj229f)
pg-68295422,ccdc40<sup>tl215/tl215</sup> from Phenotype Annotation (1994-2006) Fig. for (tl215)
pg-68291955,trim33<sup>ty57/ty57</sup> from Phenotype Annotation (1994-2006) Fig. for (ty57)
pg-68330022,trim33<sup>tu244b/tu244b</sup> from Phenotype Annotation (1994-2006) Fig. for (tu244b)
pg-68333500,trim33<sup>tc246b/tc246b</sup> from Phenotype Annotation (1994-2006) Fig. for (tc246b)
pg-68309067,cyfip2<sup>ta229f/ta229f</sup> from Phenotype Annotation (1994-2006) Fig. for (ta229f)
pg-68281407,cdh2<sup>tg1a/tg1a</sup> from Phenotype Annotation (1994-2006) Fig. for (tg1a)
pg-68310881,cdh2<sup>tm101/tm101</sup> from Phenotype Annotation (1994-2006) Fig. for (tm101)
pg-68297556,tll1<sup>tm124/tm124</sup> from Phenotype Annotation (1994-2006) Fig. for (tm124)
pg-68322002,wnt5b<sup>ti265/ti265</sup> from Phenotype Annotation (1994-2006) Fig. for (ti265)
pg-68291381,plcb3<sup>tg203e/tg203e</sup> from Phenotype Annotation (1994-2006) Fig. for (tg203e)
pg-68324194,sin<sup>ts292b/ts292b</sup> from Phenotype Annotation (1994-2006) Fig. for (ts292b)
pg-68314429,lamc1<sup>tf215b/tf215b</sup> from Phenotype Annotation (1994-2006) Fig. for (tf215b)
pg-68326488,lamc1<sup>to216a/to216a</sup> from Phenotype Annotation (1994-2006) Fig. for (to216a)
pg-68285411,lamc1<sup>ts33a/ts33a</sup> from Phenotype Annotation (1994-2006) Fig. for (ts33a)
pg-68319052,slm<sup>tm132c/tm132c</sup> from Phenotype Annotation (1994-2006) Fig. for (tm132c)
pg-68305857,chrnd<sup>tf207c/tf207c</sup> from Phenotype Annotation (1994-2006) Fig. for (tf207c)
pg-68296899,spi<sup>tl28a/tl28a</sup> from Phenotype Annotation (1994-2006) Fig. for (tl28a)
pg-68325045,spi<sup>tf41a/tf41a</sup> from Phenotype Annotation (1994-2006) Fig. for (tf41a)
pg-68326195,spi<sup>tm143a/tm143a</sup> from Phenotype Annotation (1994-2006) Fig. for (tm143a)
pg-68333507,spi<sup>tc322a/tc322a</sup> from Phenotype Annotation (1994-2006) Fig. for (tc322a)
pg-68303715,tur<sup>tm292a/tm292a</sup> from Phenotype Annotation (1994-2006) Fig. for (tm292a)
pg-68315299,tur<sup>tv214b/tv214b</sup> from Phenotype Annotation (1994-2006) Fig. for (tv214b)
pg-68300007,robo3<sup>tx209/tx209</sup> from Phenotype Annotation (1994-2006) Fig. for (tx209)
pg-68279760,tbx1<sup>tu285/tu285</sup> from Phenotype Annotation (1994-2006) Fig. for (tu285)
pg-68314681,wsh<sup>tg248a/tg248a</sup> from Phenotype Annotation (1994-2006) Fig. for (tg248a)
pg-68328097,wir<sup>tm15d/tm15d</sup> from Phenotype Annotation (1994-2006) Fig. for (tm15d)
pg-68289486,cdc20<sup>tq285/tq285</sup> from Phenotype Annotation (1994-2006) Fig. for (tq285)
pg-68319351,eya1<sup>to15b/to15b</sup> from Phenotype Annotation (1994-2006) Fig. for (to15b)
pg-68307790,foxn4<sup>tm117c/tm117c</sup> from Phenotype Annotation (1994-2006) Fig. for (tm117c)
pg-68286193,doc<sup>tc233a/tc233a</sup> from Phenotype Annotation (1994-2006) Fig. for (tc233a)
pg-68290372,krit1<sup>m775/m775</sup> from Phenotype Annotation (1994-2006) Fig. for (m775)
pg-68319534,tll1<sup>ty130a/ty130a</sup> from Phenotype Annotation (1994-2006) Fig. for (ty130a)
pg-68326528,lamb2<sup>tz212/tz212</sup> from Phenotype Annotation (1994-2006) Fig. for (tz212)
pg-68282923,tll1<sup>tt203a/tt203a</sup> from Phenotype Annotation (1994-2006) Fig. for (tt203a)
pg-68310450,tll1<sup>tn217b/tn217b</sup> from Phenotype Annotation (1994-2006) Fig. for (tn217b)
pg-68314210,smyd1b<sup>b212/b212</sup> from Phenotype Annotation (1994-2006) Fig. for (b212)
pg-68290745,myh6<sup>tw220a/tw220a</sup> from Phenotype Annotation (1994-2006) Fig. for (tw220a)
pg-68302349,mycbp2<sup>te279/te279</sup> from Phenotype Annotation (1994-2006) Fig. for (te279)
pg-68284420,rnf121<sup>tm342/tm342</sup> from Phenotype Annotation (1994-2006) Fig. for (tm342)
pg-68311300,tod<sup>tz262a/tz262a</sup> from Phenotype Annotation (1994-2006) Fig. for (tz262a)
pg-68288702,qam<sup>tw25a/tw25a</sup> from Phenotype Annotation (1994-2006) Fig. for (tw25a)
pg-68300648,ccdc103<sup>tn222a/tn222a</sup> from Phenotype Annotation (1994-2006) Fig. for (tn222a)
pg-68284262,spi<sup>tu25a/tu25a</sup> from Phenotype Annotation (1994-2006) Fig. for (tu25a)
pg-68280972,spi<sup>ty32a/ty32a</sup> from Phenotype Annotation (1994-2006) Fig. for (ty32a)
pg-68292810,ctd<sup>tl43b/tl43b</sup> from Phenotype Annotation (1994-2006) Fig. for (tl43b)
pg-68292149,sen<sup>tm28a/tm28a</sup> from Phenotype Annotation (1994-2006) Fig. for (tm28a)
pg-68335528,ctd<sup>tw38g/tw38g</sup> from Phenotype Annotation (1994-2006) Fig. for (tw38g)
pg-68319693,bch<sup>ti282b/ti282b</sup> from Phenotype Annotation (1994-2006) Fig. for (ti282b)
pg-68314225,bob<sup>tu255a/tu255a</sup> from Phenotype Annotation (1994-2006) Fig. for (tu255a)
pg-68305783,bst<sup>tp223b/tp223b</sup> from Phenotype Annotation (1994-2006) Fig. for (tp223b)
pg-68290257,extl3<sup>tm4/tm4</sup> from Phenotype Annotation (1994-2006) Fig. for (tm4)
pg-68292845,cot<sup>tv205b/tv205b</sup> from Phenotype Annotation (1994-2006) Fig. for (tv205b)
pg-68326424,bru<sup>tw212d/tw212d</sup> from Phenotype Annotation (1994-2006) Fig. for (tw212d)
pg-68303200,ndr2<sup>te262c/te262c</sup> from Phenotype Annotation (1994-2006) Fig. for (te262c)
pg-68295542,slp<sup>tq235c/tq235c</sup> from Phenotype Annotation (1994-2006) Fig. for (tq235c)
pg-68278613,copb2<sup>tr222b/tr222b</sup> from Phenotype Annotation (1994-2006) Fig. for (tr222b)
pg-68333631,copb1<sup>tc229/tc229</sup> from Phenotype Annotation (1994-2006) Fig. for (tc229)
pg-68331327,hen<sup>tq251f/tq251f</sup> from Phenotype Annotation (1994-2006) Fig. for (tq251f)
pg-68282163,her<sup>ts299c/ts299c</sup> from Phenotype Annotation (1994-2006) Fig. for (ts299c)
pg-68287109,koi<sup>tl226d/tl226d</sup> from Phenotype Annotation (1994-2006) Fig. for (tl226d)
pg-68295180,mlk<sup>te1a/te1a</sup> from Phenotype Annotation (1994-2006) Fig. for (te1a)
pg-68319554,foxa2<sup>tv53a/tv53a</sup> from Phenotype Annotation (1994-2006) Fig. for (tv53a)
pg-68296794,cdh2<sup>tc248c/tc248c</sup> from Phenotype Annotation (1994-2006) Fig. for (tc248c)
pg-68284281,ext2<sup>to79c/to79c</sup> from Phenotype Annotation (1994-2006) Fig. for (to79c)
pg-68287174,atp1a1a.1<sup>tw3b/tw3b</sup> from Phenotype Annotation (1994-2006) Fig. for (tw3b)
pg-68286993,bmp2b<sup>ta72a/ta72a</sup> from Phenotype Annotation (1994-2006) Fig. for (ta72a)
pg-68299159,ndr2<sup>Df(Chr12:hhex)b16/b16</sup> from Phenotype Annotation (1994-2006) Fig. for (b16)
pg-68280084,bmp7a<sup>ty68a/ty68a</sup> from Phenotype Annotation (1994-2006) Fig. for (ty68a)
pg-68324825,acvr1l<sup>tm110b/tm110b</sup> from Phenotype Annotation (1994-2006) Fig. for (tm110b)
pg-68306298,atp1a1a.1<sup>m523/m523</sup> from Phenotype Annotation (1994-2006) Fig. for (m523)
pg-68327715,gli2a<sup>ty17a/ty17a</sup> from Phenotype Annotation (1994-2006) Fig. for (ty17a)
pg-68285538,pax2a<sup>ty22b/ty22b</sup> from Phenotype Annotation (1994-2006) Fig. for (ty22b)
pg-68283779,tnnt2a<sup>tc300b/tc300b</sup> from Phenotype Annotation (1994-2006) Fig. for (tc300b)
pg-68302727,cyp26b1<sup>ti230g/ti230g</sup> from Phenotype Annotation (1994-2006) Fig. for (ti230g)
pg-68335874,atp1a1a.1<sup>m273/m273</sup> from Phenotype Annotation (1994-2006) Fig. for (m273)
pg-68319844,fgf8a<sup>ti282a/ti282a</sup> from Phenotype Annotation (1994-2006) Fig. for (ti282a)
pg-68289469,wnt5b<sup>te1c/te1c</sup> from Phenotype Annotation (1994-2006) Fig. for (te1c)
pg-68291900,lamb1a<sup>tj229a/tj229a</sup> from Phenotype Annotation (1994-2006) Fig. for (tj229a)
pg-68322704,pax2a<sup>tm243a/tm243a</sup> from Phenotype Annotation (1994-2006) Fig. for (tm243a)
pg-68334773,wnt5b<sup>tc271b/tc271b</sup> from Phenotype Annotation (1994-2006) Fig. for (tc271b)
pg-68282274,smyd1b<sup>tm123a/tm123a</sup> from Phenotype Annotation (1994-2006) Fig. for (tm123a)
pg-68314308,slc8a1a<sup>tc318d/tc318d</sup> from Phenotype Annotation (1994-2006) Fig. for (tc318d)
pg-68290639,atp1a1a.1<sup>tm52/tm52</sup> from Phenotype Annotation (1994-2006) Fig. for (tm52)
pg-68318996,atp1a1a.1<sup>tu236/tu236</sup> from Phenotype Annotation (1994-2006) Fig. for (tu236)
pg-68307752,slc12a2<sup>to27d/to27d</sup> from Phenotype Annotation (1994-2006) Fig. for (to27d)
pg-68318136,atp2a1<sup>tc249a/tc249a</sup> from Phenotype Annotation (1994-2006) Fig. for (tc249a)
pg-68289256,lamb1a<sup>ti228b/ti228b</sup> from Phenotype Annotation (1994-2006) Fig. for (ti228b)
pg-68311665,slc12a2<sup>tg414b/tg414b</sup> from Phenotype Annotation (1994-2006) Fig. for (tg414b)
pg-68326300,slc8a1a<sup>te381b/te381b</sup> from Phenotype Annotation (1994-2006) Fig. for (te381b)
pg-68301755,atp2a1<sup>tp72x/tp72x</sup> from Phenotype Annotation (1994-2006) Fig. for (tp72x)
pg-68289950,fn1a<sup>tl43c/tl43c</sup> from Phenotype Annotation (1994-2006) Fig. for (tl43c)
pg-68282279,pax2a<sup>ty31a/ty31a</sup> from Phenotype Annotation (1994-2006) Fig. for (ty31z)
pg-68279798,slc6a9<sup>ta51e/ta51e</sup> from Phenotype Annotation (1994-2006) Fig. for (ta51e)
pg-68304232,atp1a1a.1<sup>tj223/tj223</sup> from Phenotype Annotation (1994-2006) Fig. for (tj223)
pg-68278736,atp1a1a.1<sup>to273a/to273a</sup> from Phenotype Annotation (1994-2006) Fig. for (to273a)
pg-68324035,slc35b2<sup>to216z/to216z</sup> from Phenotype Annotation (1994-2006) Fig. for (to216z)
pg-68318036,hsp90aa1.1<sup>tu44c/tu44c</sup> from Phenotype Annotation (1994-2006) Fig. for (tu44c)
pg-68304616,atp2a1<sup>tn218b/tn218b</sup> from Phenotype Annotation (1994-2006) Fig. for (tn218b)
pg-68301187,atp2a1<sup>ti284a/ti284a</sup> from Phenotype Annotation (1994-2006) Fig. for (ti284a)
pg-68289314,lamb1a<sup>tl17b/tl17b</sup> from Phenotype Annotation (1994-2006) Fig. for (tl17b)
pg-68334906,slc6a9<sup>ta229g/ta229g</sup> from Phenotype Annotation (1994-2006) Fig. for (ta229g)
pg-68312996,bmp2b<sup>tc300a/tc300a</sup> from Phenotype Annotation (1994-2006) Fig. for (tc300a)
pg-68295039,atp1a1a.1<sup>tl30/tl30</sup> from Phenotype Annotation (1994-2006) Fig. for (tl30)
pg-68285955,smyd1b<sup>to241a/to241a</sup> from Phenotype Annotation (1994-2006) Fig. for (to241a)
pg-68281834,epb41b<sup>tm303c/tm303c</sup> from Phenotype Annotation (1994-2006) Fig. for (tm303c)
pg-68319177,slc17a6b<sup>tc257z/tc257z</sup> from Phenotype Annotation (1994-2006) Fig. for (tc257z)
pg-68310963,myo18b<sup>to27c/to27c</sup> from Phenotype Annotation (1994-2006) Fig. for (to27c)
pg-68322815,pax2a<sup>tu29a/tu29a</sup> from Phenotype Annotation (1994-2006) Fig. for (tu29a)
pg-68298450,"sox9a<sup>tw37/tw37</sup> from Piotrowski <i>et al.</i>, 1996 Fig. 7"
pg-68301403,"WT + MO1-pdlim7 from Ott <i>et al.</i>, 2007 Fig. T2"
pg-68310810,"AB from Kiener <i>et al.</i>, 2008 Fig. 8"
pg-68317175,"AB + MO2-tjp3 from Kiener <i>et al.</i>, 2008 Fig. 10"
pg-68291387,"fbxo5<sup>tiy121/tiy121</sup> from Zhang <i>et al.</i>, 2008 Fig. 1"
pg-68314653,"psm10<sup>zf126/zf126</sup> from Kishi <i>et al.</i>, 2008 Fig. 6"
pg-68330745,"psm11<sup>zf127/zf127</sup> from Kishi <i>et al.</i>, 2008 Fig. 6"
pg-68294268,"psm2<sup>zf120/zf120</sup> from Kishi <i>et al.</i>, 2008 Fig. 6"
pg-68322096,"psm5<sup>zf121/zf121</sup> from Kishi <i>et al.</i>, 2008 Fig. 6"
pg-68307800,"psm6<sup>zf122/zf122</sup> from Kishi <i>et al.</i>, 2008 Fig. 6"
pg-68316253,"psm7<sup>zf123/zf123</sup> from Kishi <i>et al.</i>, 2008 Fig. 6"
pg-68328721,"psm8<sup>zf124/zf124</sup> from Kishi <i>et al.</i>, 2008 Fig. 6"
pg-68307089,"psm9<sup>zf125/zf125</sup> from Kishi <i>et al.</i>, 2008 Fig. 6"
pg-68304622,"myf5<sup>hu2022/hu2022</sup> from Hinits <i>et al.</i>, 2009 Fig. 2"
pg-68329998,"slc12a2<sup>tg414b/tg414b</sup> from Abbas <i>et al.</i>, 2009 Fig. 1"
pg-68336169,"slc12a2<sup>to27d/to27d</sup> from Abbas <i>et al.</i>, 2009 Fig. 1"
pg-68326771,"AB/TU + MO1-kif3b from Insinna <i>et al.</i>, 2009 Fig. 2"
pg-68280525,"bmp2b<sup>ta72a/ta72a</sup> from Mullins <i>et al.</i>, 1996 Fig. 1"
pg-68314559,"mid1ip1l<sup>t9792/t9792</sup> from Eno <i>et al.</i>, 2016 Fig. 1"
pg-68295190,"srm<sup>t26743/t26743</sup> from Frohnhfer <i>et al.</i>, 2016 Fig. 5"
pg-68314399,"cdc25b<sup>cz319/cz319</sup> from Shepard <i>et al.</i>, 2005 text only"
pg-68306052,"dly<sup>cz3321/cz3321</sup> from Shepard <i>et al.</i>, 2005 text only"
pg-68290010,"espl1<sup>cz280/cz280</sup> from Shepard <i>et al.</i>, 2005 text only"
pg-68313670,"lamc1<sup>cz61/cz61</sup> from Shepard <i>et al.</i>, 2005 text only"
pg-68299168,"llg<sup>cz3322/cz3322</sup> from Shepard <i>et al.</i>, 2005 text only"
pg-68305582,"mybl2b<sup>cz226/cz226</sup> from Shepard <i>et al.</i>, 2005 text only"
pg-68309572,"sfd<sup>cz213/cz213</sup> from Shepard <i>et al.</i>, 2005 text only"
pg-68295564,"slh<sup>cz333/cz333</sup> from Shepard <i>et al.</i>, 2005 text only"
pg-68330412,"WT + MO1-hmgcrb from D'Amico <i>et al.</i>, 2007 text only"
pg-68297053,"ikbkg<sup>c220Gt/c220Gt</sup> from Davison <i>et al.</i>, 2007 Fig. S2"
pg-68321241,"uhrf1<sup>hi272Tg/hi272Tg</sup> from Sadler <i>et al.</i>, 2007 text only"
pg-68288983,"ache<sup>tf222a/tf222a</sup> from Downes <i>et al.</i>, 2004 text only"
pg-68313414,"ache<sup>tm205/tm205</sup> from Downes <i>et al.</i>, 2004 text only"
pg-68323630,"sptan1<sup>st60/st60</sup> from Voas <i>et al.</i>, 2007 text only"
pg-68293938,"Df(Chr07:stbm)vu7/vu7 from Panizzi <i>et al.</i>, 2007 text only"
pg-68324178,"WT + MO1-arhgef11 from Panizzi <i>et al.</i>, 2007 text only"
pg-68302992,"WT + MO4-apex1 from Wang <i>et al.</i>, 2006 Fig. 6"
pg-68290882,"AB + MO3-bmp2b from Wang <i>et al.</i>, 2007 Fig. 2"
pg-68303386,"sart3<sup>cz3/cz3</sup> from Trede <i>et al.</i>, 2007 Fig. 1"
pg-68330724,"rad21a<sup>nz171/nz171</sup> from Horsfield <i>et al.</i>, 2007 text only"
pg-68279259,"WT + MO1-epoa from Chu <i>et al.</i>, 2007 Fig. 4"
pg-68304649,"WT + MO2-eif4g2a,eif4g2b from Nousch <i>et al.</i>, 2007 text only"
pg-68322050,"kcnh6a<sup>s213/s213</sup> from Arnaout <i>et al.</i>, 2007 text only"
pg-68278970,"kcnh6a<sup>s290/s290</sup> from Arnaout <i>et al.</i>, 2007 text only"
pg-68282111,"AB + MO1-cd2ap from Hentschel <i>et al.</i>, 2007 text only"
pg-68298141,"AB + MO2-nphs2 from Hentschel <i>et al.</i>, 2007 text only"
pg-68278484,"WIK + MO4-arhgef7b from Liu <i>et al.</i>, 2007 text only"
pg-68280719,"tcf7l2<sup>zf55/+</sup> from Muncan <i>et al.</i>, 2007 Fig. 1"
pg-68313547,"tcf7l2<sup>zf55/zf55</sup> from Muncan <i>et al.</i>, 2007 Fig. 1"
pg-68325861,"WT + MO1-znf148 from Li <i>et al.</i>, 2006 text only"
pg-68310394,"WT + MO2-znf148 from Li <i>et al.</i>, 2006 text only"
pg-68330314,"WT + MO1-mylk3 from Seguchi <i>et al.</i>, 2007 text only"
pg-68332082,"lama5<sup>m538/m538</sup> from Webb <i>et al.</i>, 2007 text only"
pg-68293000,"stil<sup>cz299/cz299</sup> from Pfaff <i>et al.</i>, 2007 text only"
pg-68279082,"stil<sup>cz65/cz65</sup> from Pfaff <i>et al.</i>, 2007 text only"
pg-68316022,"WT + MO1-cox5aa from Baden <i>et al.</i>, 2007 text only"
pg-68308086,"WT + MO1-cox5ab from Baden <i>et al.</i>, 2007 text only"
pg-68285722,"WT + MO1-surf1 from Baden <i>et al.</i>, 2007 text only"
pg-68310687,"WT + MO1-ewsr1a from Azuma <i>et al.</i>, 2007 text only"
pg-68298944,"WT + MO1-ewsr1b from Azuma <i>et al.</i>, 2007 text only"
pg-68309287,"WT + MO1-mapk3 from Chiou <i>et al.</i>, 2007 text only"
pg-68282749,"WT + MO2-mapk3 from Chiou <i>et al.</i>, 2007 text only"
pg-68307479,"WT + MO1-rbp4 from Li <i>et al.</i>, 2007 text only"
pg-68324900,"chaf1b<sup>t24412/t24412</sup> from Fischer <i>et al.</i>, 2007 text only"
pg-68294871,"WT + MO1-rabep1 from Omori <i>et al.</i>, 2008 text only"
pg-68285225,"cx36.7<sup>jk65/jk65</sup> from Sultana <i>et al.</i>, 2008 text only"
pg-68330329,"atp1b1a<sup>m14/m14</sup> from Webb <i>et al.</i>, 2008 text only"
pg-68294339,"WT + MO1-pls3 from Oprea <i>et al.</i>, 2008 text only"
pg-68296714,"WT + MO1-pls3 + MO1-smn1 from Oprea <i>et al.</i>, 2008 text only"
pg-68314431,"WT + MO1-slc6a6b from Kozlowski <i>et al.</i>, 2008 text only"
pg-68285875,"cc2d2a<sup>w38/w38</sup> from Owens <i>et al.</i>, 2008 text only"
pg-68301417,"wdr55<sup>hi2786bTg/hi2786bTg</sup> from Iwanami <i>et al.</i>, 2008 text only"
pg-68308165,"ptena<sup>hu1864/hu1864</sup>; ptenb<sup>hu1435/hu1435</sup> from Faucherre <i>et al.</i>, 2008 Fig. 3"
pg-68316626,"dnaaf1<sup>hu255H/hu255H</sup> from van Rooijen <i>et al.</i>, 2008 text only"
pg-68318447,"AB + MO1-fkrp from Thornhill <i>et al.</i>, 2008 Fig. 1"
pg-68329584,"WT + MO2-loxa from Reynaud <i>et al.</i>, 2008 Fig. 3"
pg-68322838,"WT from Davidson <i>et al.</i>, 2008 Fig. 1"
pg-68294371,"AB + MO2-sparc from Rotllant <i>et al.</i>, 2008 text only"
pg-68306891,"AB + MO3-sparc from Rotllant <i>et al.</i>, 2008 text only"
pg-68305092,"atp6v0ca<sup>hi1207Tg/hi1207Tg</sup> from Kishi <i>et al.</i>, 2008 text only"
pg-68330970,"dtl<sup>hi3627Tg/hi3627Tg</sup> from Kishi <i>et al.</i>, 2008 text only"
pg-68312283,"polr2d<sup>hi2718bTg/hi2718bTg</sup> from Kishi <i>et al.</i>, 2008 text only"
pg-68335958,"polr2gl<sup>hi3685Tg/hi3685Tg</sup> from Kishi <i>et al.</i>, 2008 text only"
pg-68298055,"smc1al<sup>hi1113aTg/hi1113aTg</sup> from Kishi <i>et al.</i>, 2008 text only"
pg-68290791,"smo<sup>hi2329bTg/hi2329bTg</sup> from Kishi <i>et al.</i>, 2008 text only"
pg-68290901,"spns1<sup>hi891Tg/hi891Tg</sup> from Kishi <i>et al.</i>, 2008 text only"
pg-68287894,"ahctf1<sup>ti262c/ti262c</sup> from Davuluri <i>et al.</i>, 2008 text only"
pg-68321570,"ahctf1<sup>ti262c/ti262c</sup> from Davuluri <i>et al.</i>, 2008 text only"
pg-68308002,"ahctf1<sup>ti262c/ti262c</sup> from Davuluri <i>et al.</i>, 2008 text only"
pg-68295263,"ahctf1<sup>ti262c/ti262c</sup> from Davuluri <i>et al.</i>, 2008 text only"
pg-68290922,"ahctf1<sup>ti262c/ti262c</sup> from Davuluri <i>et al.</i>, 2008 text only"
pg-68296688,"WT from Davuluri <i>et al.</i>, 2008 text only"
pg-68278932,"fbn2b<sup>gw1/gw1</sup> from Gansner <i>et al.</i>, 2008 text only"
pg-68280485,"atp6v0d1<sup>gw325/gw325</sup> from Madsen <i>et al.</i>, 2008 text only"
pg-68318256,"WT + MO1-chst11 from Mizumoto <i>et al.</i>, 2009 Fig. 5"
pg-68281912,"kif1b<sup>st43/st43</sup> from Lyons <i>et al.</i>, 2009 text only"
pg-68296329,"WT + MO1-pafah1b1a from Sun <i>et al.</i>, 2009 text only"
pg-68292867,"WT + MO1-pafah1b1a + MO1-pafah1b1b from Sun <i>et al.</i>, 2009 text only"
pg-68278988,"WT + MO1-pafah1b1b from Sun <i>et al.</i>, 2009 text only"
pg-68319672,"WT + MO1-pafah1b1b + MO2-pafah1b1a from Sun <i>et al.</i>, 2009 text only"
pg-68307851,"WT + MO2-pafah1b1a from Sun <i>et al.</i>, 2009 text only"
pg-68323912,"nsfa<sup>s364/s364</sup> from Kurrasch <i>et al.</i>, 2009 text only"
pg-68296982,"WT + MO1-ncapg from Seipold <i>et al.</i>, 2009 text only"
pg-68318527,"dctn2<sup>jj50/jj50</sup> from Jing <i>et al.</i>, 2009 text only"
pg-68303226,"gdf6a<sup>s327/s327</sup> from Gosse <i>et al.</i>, 2009 text only"
pg-68296248,"WT + MO2-sec23b from Schwarz <i>et al.</i>, 2009 text only"
pg-68319249,"aldh1a2<sup>um22/um22</sup> from Alexa <i>et al.</i>, 2009 text only"
pg-68317985,"smn1<sup>fh229/fh229</sup> from Boon <i>et al.</i>, 2009 Fig. 2"
pg-68316183,"smn1<sup>fh230/fh230</sup> from Boon <i>et al.</i>, 2009 Fig. 2"
pg-68328778,"smn1<sup>fh231/fh231</sup> from Boon <i>et al.</i>, 2009 Fig. 2"
pg-68293520,"smn1<sup>fh229/fh229</sup> from Boon <i>et al.</i>, 2009 Fig. 6"
pg-68302262,"smn1<sup>fh229/fh229</sup>; os22Tg from Boon <i>et al.</i>, 2009 Fig. 6"
pg-68309282,"WT + MO1-synpo2la from Beqqali <i>et al.</i>, 2010 text only"
pg-68285323,"WT + MO1-synpo2lb from Beqqali <i>et al.</i>, 2010 text only"
pg-68329955,"TU + MO2-mdm2 from Parant <i>et al.</i>, 2010 Fig. 6"
pg-68305986,"TU + MO2-mdm2 from Parant <i>et al.</i>, 2010 Fig. 7"
pg-68294962,"dctn1a<sup>m632/m632</sup> from Doerre <i>et al.</i>, 2001 text only"
pg-68309027,"WT from Sieger <i>et al.</i>, 2009 Fig. 4"
pg-68334979,"WT + MO1-fgf2 from Lee <i>et al.</i>, 2010 Fig. 6"
pg-68286670,"WT + MO1-wt1a from Hsu <i>et al.</i>, 2003 text only"
pg-68293260,"sec63<sup>st67/st67</sup> from Monk <i>et al.</i>, 2013 text only"
pg-68302811,"WT + MO2-sox11b from Tsurusaki <i>et al.</i>, 2014 Fig. 4"
pg-68321067,"WT + MO2-sox11b + MO3-sox11a from Tsurusaki <i>et al.</i>, 2014 Fig. 4"
pg-68296867,"WT + MO2-sox11b + MO3-sox11a + MO4-tp53 from Tsurusaki <i>et al.</i>, 2014 Fig. 4"
pg-68278635,"WT + MO3-sox11a from Tsurusaki <i>et al.</i>, 2014 Fig. 4"
pg-68294969,"WT + MO1-nipbla + MO1-nipblb from Xu <i>et al.</i>, 2015 Fig. S4"
pg-68287294,"WT + MO1-smc3 from Xu <i>et al.</i>, 2015 Fig. S4"
pg-68322052,"WT + MO2-rad21a from Xu <i>et al.</i>, 2015 Fig. S4"
pg-68300107,"WT + MO1-nipbla + MO1-nipblb from Xu <i>et al.</i>, 2015 Fig. 8"
pg-68316948,"WT + MO2-rad21a from Xu <i>et al.</i>, 2015 Fig. 8"
pg-68326297,"WT + MO1-acvr2aa from Albertson <i>et al.</i>, 2005 text only"
pg-68285525,"WT + MO1-acvr2aa from Albertson <i>et al.</i>, 2005 text only"
pg-68289846,"ache<sup>sb55/sb55</sup> from Behra <i>et al.</i>, 2002 text only"
pg-68288955,"hhip<sup>hu418b/hu418b</sup> from Koudijs <i>et al.</i>, 2005 text only"
pg-68330239,"hhip<sup>hu540a/hu540a</sup> from Koudijs <i>et al.</i>, 2005 text only"
pg-68279818,"hhip<sup>tc256d/tc256d</sup> from Koudijs <i>et al.</i>, 2005 text only"
pg-68313206,"ptch1<sup>tj222/tj222</sup> from Koudijs <i>et al.</i>, 2005 text only"
